id;article;pc_id;pc_title;pc_abstract;pc_fulltext;pc_location;pc_values;pc_comments
2;Walker;02_01;Association between posture and handball outcome;Three out of ten characteristics were associated with handball outcome, and these related to the posture of the handballer (…).;The only characteristics that have a significant effect on handball outcome are the type of pressure experienced by the handball receiver and the handballer, and the posture of the handballer.;Tab3;"F = 4.37; df = 1; p = 0.040";
2;Walker;02_02;Association between defense pressure to the handballer and handball outcome;Three out of ten characteristics were associated with handball outcome, and these related to (…) the type of defensive pressure applied to the handballer (…).;The only characteristics that have a significant effect on handball outcome are the type of pressure experienced by the handball receiver and the handballer, and the posture of the handballer.;Tab3;"F = 8.82; df = 2; p<0.001";
2;Walker;02_03;Association between defense pressure to the receiver and handball outcome;Three out of ten characteristics were associated with handball outcome, and these related to (…) the type of defensive pressure applied to the (..) the receiver of the handball.;The only characteristics that have a significant effect on handball outcome are the type of pressure experienced by the handball receiver and the handballer, and the posture of the handballer.;Tab3;"F = 45.89; df = 3; p<0.001 ";
3;Antão;03_01;Difference between Filters;Significant differences were found between filters (p < 0.001), but not between epoch lengths or NWT algorithms. ;Significant differences were found between normal and LFE filters in daily step counts ;Results;F = 8320.35, p < 0.001, η2partial = 0.9;
3;Antão;03_02;No difference between epoch lengths;Significant differences were found between filters (p < 0.001), but not between epoch lengths or NWT algorithms. ;Significant differences were found (…), but not between epoch lengths of 15s and 60s.;Results;F = 0.01, p = 0.906;
3;Antão;03_03;No difference between epoch lengths;Significant differences were found between filters (p < 0.001), but not between epoch lengths or NWT algorithms. ;Significant differences were found (…), but not between (…) nor between Choi’s and Troiano’s algorithms.;Results;F = 0.24, p = 0.627;
3;Antão;03_04;Higher step count with LFE filter;;The LFE increased, on average, approximately 7500 steps/day compared to the normal filter (p < 0.001);Results;"7513.36, 95% CI: 7189.47; 7837.25, p < 0.001";
4;Aragoni da Silva;04_01;Intervention effect on perception of school environment;The Movimente Programme was related to positive changes in adolescents’ perception of the school environment and social support from general and physical education teachers;There was a significant intervention effect on perceptions of the school environment;Results/Tab2;"a = 0.52; CI95%: 0.21; 0.83";
4;Aragoni da Silva;04_02;Intervention effect on support from general teacher;The Movimente Programme was related to positive changes in adolescents’ perception of the school environment and social support from general and physical education teachers;There was a significant intervention effect on (…) social support from general teacher;Results/Tab2;"a = 0.79; CI95%: 0.28; 1.31";
4;Aragoni da Silva;04_03;Intervention effect on support from PE teacher;The Movimente Programme was related to positive changes in adolescents’ perception of the school environment and social support from general and physical education teachers;There was a significant intervention effect on (…) social support from physical education teachers.;Results/Tab2;"a = 0.64; CI95%: 0.08; 1.20";
4;Aragoni da Silva;04_04;Association between attitude and PA;Most psychosocial variables (attitude, self-efficacy, social support from friends, and social support from teachers) were associated with PA, but none mediated the impact of the Movimente Programme on PA;Regarding associations on path b, among the seven potential mediators four were positively associated with total PA:;Results/Tab2;"b=24.98; CI95%: 4.44; 45.51";
4;Aragoni da Silva;04_05;Association between self-efficiency and PA;Most psychosocial variables (attitude, self-efficacy, social support from friends, and social support from teachers) were associated with PA, but none mediated the impact of the Movimente Programme on PA;Regarding associations on path b, among the seven potential mediators four were positively associated with total PA:;Results/Tab2;"b = 10.82; CI95%: 0.21; 21.4";
4;Aragoni da Silva;04_06;Association between social support from friends and PA;Most psychosocial variables (attitude, self-efficacy, social support from friends, and social support from teachers) were associated with PA, but none mediated the impact of the Movimente Programme on PA;Regarding associations on path b, among the seven potential mediators four were positively associated with total PA:;Results/Tab2;"b = 14.48; CI95%: 2.72; 26.2";
4;Aragoni da Silva;04_07;Association between social support from parents and PA;Most psychosocial variables (attitude, self-efficacy, social support from friends, and social support from teachers) were associated with PA, but none mediated the impact of the Movimente Programme on PA;Regarding associations on path b, among the seven potential mediators four were positively associated with total PA:;Results/Tab2;"b = 5.65 (−6.03; 17.32)";There is an error in the abstract where it reads teachers instead of parents. Also the abstract says that the association was significant while it's not and the results section states that four additional variables were signficant (while only mentioning three then)
4;Aragoni da Silva;04_08;No intervention effect of attitude;Most psychosocial variables (attitude, self-efficacy, social support from friends, and social support from teachers) were associated with PA, but none mediated the impact of the Movimente Programme on PA;There were no statistically significant intervention effects for the remaining potential mediators (attitude, self-efficacy, social support from parents, and friends).;Results/Tab2;"a = −0.12 (−0.42; 0.18)";
4;Aragoni da Silva;04_09;No intervention effect of self-efficiency;Most psychosocial variables (attitude, self-efficacy, social support from friends, and social support from teachers) were associated with PA, but none mediated the impact of the Movimente Programme on PA;There were no statistically significant intervention effects for the remaining potential mediators (attitude, self-efficacy, social support from parents, and friends).;Results/Tab2;"a = −0.04 (−0.66; 0.57)";
4;Aragoni da Silva;04_10;No intervention effect of social support from friends;Most psychosocial variables (attitude, self-efficacy, social support from friends, and social support from teachers) were associated with PA, but none mediated the impact of the Movimente Programme on PA;There were no statistically significant intervention effects for the remaining potential mediators (attitude, self-efficacy, social support from parents, and friends).;Results/Tab2;"a = 0.02 (−0.53; 0.58)";
4;Aragoni da Silva;04_11;No intervention effect of social support from parents;Most psychosocial variables (attitude, self-efficacy, social support from friends, and social support from teachers) were associated with PA, but none mediated the impact of the Movimente Programme on PA;There were no statistically significant intervention effects for the remaining potential mediators (attitude, self-efficacy, social support from parents, and friends).;Results/Tab2;"a = −0.05 (−0.61; 0.50) ";There is an error in the abstract where it reads teachers instead of parents
5;Yan;05_01;Group difference between proportion of playing activity;A significant difference was observed in the MASTER group for the proportion of playing-form activities delivered during PE ;;Abstract;27.65, 95% CI [20.27, 35.03];
5;Yan;05_02;Group difference between teacher confidence;A significant difference was observed in the MASTER group for (…) teachers’ perceptions of confidence (…) to teach;;Abstract/Tab5;23.92, 95% CI [15.87, 31.92;
5;Yan;05_03;Group difference between teacher competence;A significant difference was observed in the MASTER group for (…) teachers’ perceptions of (…) competence (…) to teach;;Abstract/Tab5;24.12, 95% CI [10.28, 24.71];
5;Yan;05_04;Group difference between student athletic competence; Significant differences between groups were observed for students’ perceived athletic competence ;;Abstract/Tab5;"3.56%; 95% CI [3.15, 3.96";
5;Yan;05_05;Group difference between for student perceived enjoyment; Significant differences between groups were observed for students’ perceived (…) enjoyment  ;;Abstract/Tab5;"11.83%; 95% CI [10.98, 12.69";
5;Yan;05_06;Group difference between student well being; Significant differences between groups were observed for students’ perceived (…) well-being;;Abstract/Tab5;"(8.51%; 95% CI [7.02, 10.0";
5;Yan;05_07;Group difference between student intrinsic motivation; Significant differences between groups were observed for students’ perceived (…) intrinsic motivation ;;Abstract/Tab5;"+0.74%; 95% CI [0.30, 1.17";
5;Yan;05_08;Group difference between student introjected motivation; Significant differences between groups were observed for students’ perceived (…) introjected motivation;;Abstract/Tab5;"(−2.24%; 95% CI [−2.77, −1.70]";
5;Yan;05_09;Group difference between student external motivation; Significant differences between groups were observed for students’ perceived (…) external motivation ;;Abstract/Tab5;"0.49%; 95% CI [−0.90, −0.08]).";
6;Murakami;06_01;Interaction effect of time and group on DF ROM;There were significant increases in DF ROM, passive torque at DF ROM, and a decrease in MVC-ISO, but no significant interaction in passive stiffness.;F ROM shows (…) an interaction effect;Results/Tab2;p = 0.004, F = 6.62, ηp2 = 0.28;
6;Murakami;06_02;Interaction effect of time and group on passive torque at DF ROM;There were significant increases in DF ROM, passive torque at DF ROM, and a decrease in MVC-ISO, but no significant interaction in passive stiffness.;Passive torque at DF ROM shows (…) an interaction effect (p = 0.009, F = 4.87, ηp2 = 0.223);Results/Tab2;p = 0.009, F = 4.87, ηp2 = 0.22;
6;Murakami;06_03;Interaction effect of time and group on MVC-ISO torque;There were significant increases in DF ROM, passive torque at DF ROM, and a decrease in MVC-ISO, but no significant interaction in passive stiffness.;MVC-ISO torque demonstrates (…) an interaction effect.;Results/Tab2;p = 0.014, F = 4.86, ηp2 = 0.222;
6;Murakami;06_04;No interaction effect of time and group on passive stiffness;There were significant increases in DF ROM, passive torque at DF ROM, and a decrease in MVC-ISO, but no significant interaction in passive stiffness.;Passive stiffness shows (...) no interaction effect;Results/Tab2;p = 0.251, F = 1.44, ηp2 = 0.078;
6;Murakami;06_05;Group difference in DF ROM full vs. partial;Post hoc test, DF ROM demonstrated moderate magnitude increases in the full condition compared to the partial (p = 0.023, d = 0.74) and control (p = 0.003, d = 0.71) conditions.;The post hoc test shows a significant and moderate magnitude greater ROM with the full vs. partial (p = 0.023, d = 0.74) and control conditions (p = 0.003, d = 0.71);Abstract/Results/Fig3a;p = 0.023, d = 0.74;p-values in Fig3a do not match the text
6;Murakami;06_06;Group difference in DF ROM full vs. control;Post hoc test, DF ROM demonstrated moderate magnitude increases in the full condition compared to the partial (p = 0.023, d = 0.74) and control (p = 0.003, d = 0.71) conditions.;The post hoc test shows a significant and moderate magnitude greater ROM with the full vs. partial (p = 0.023, d = 0.74) and control conditions (p = 0.003, d = 0.71);Abstract/Results/Fig3a;p = 0.003, d = 0.71;p-values in Fig3a do not match the text
6;Murakami;06_07;Group difference in passive torque at DF ROM full vs. control;Passive torque at DF ROM also showed moderate magnitude increases in the full condition compared to the control condition (p = 0.016, d = 0.69);The post hoc test shows significant and moderate magnitude greater passive torque with the full vs. control conditions (p = 0.016, d = 0.69);Abstract/Results/Fig3b;p = 0.016, d = 0.69;incorrect refernce to Fig3a
6;Murakami;06_08;Group difference in MVC-ISO full vs. control;MVC-ISO had a moderate magnitude decrease in the full condition compared to the control condition (p = 0.018, d=−0.53);The post hoc test reveals significant moderate magnitude greater decreases with the full vs. control conditions (p = 0.018, d = −0.53);Abstract/Results/Fig3c;p = 0.018, d = −0.53;p-values in Fig3c do not match the text
9;Hammert;09_01;Group difference in upper body PPT LL+BFR vs. LL; The change in upper body PPT was greater for LL+BFR exercise compared to LL exercise [difference of 0.15 (0.35) kg/cm2], LL +EFFORT exercise [difference of 0.23 (0.45) kg/cm2], and the CON condition.;;Abstract/Tab1;0.15 (0.35);
9;Hammert;09_02;Group difference in upper body PPT LL+BFR vs. LL+EFFORT; The change in upper body PPT was greater for LL+BFR exercise compared to LL exercise [difference of 0.15 (0.35) kg/cm2], LL +EFFORT exercise [difference of 0.23 (0.45) kg/cm2], and the CON condition.;;Abstract/Tab1;0.23 (0.45);
9;Hammert;09_03;Group difference in upper body PPT LL+BFR vs. CON; The change in upper body PPT was greater for LL+BFR exercise compared to LL exercise [difference of 0.15 (0.35) kg/cm2], LL +EFFORT exercise [difference of 0.23 (0.45) kg/cm2], and the CON condition.;;Tab1;0.22 (0.35);
9;Hammert;09_04;Group difference in lower body PPT LL+BFR vs. LL;The change in lower body PPT was greater for LL+BFR exercise compared to LL exercise [difference of 0.40 (0.55) kg/cm2], LL +EFFORT exercise [difference of 0.36 (0.62) kg/cm2], and the CON condition.;;Abstract/Tab1;0.40 (0.55);
9;Hammert;09_05;Group difference in lower body PPT LL+BFR vs. LL+EFFORT;The change in lower body PPT was greater for LL+BFR exercise compared to LL exercise [difference of 0.40 (0.55) kg/cm2], LL +EFFORT exercise [difference of 0.36 (0.62) kg/cm2], and the CON condition.;;Abstract/Tab1;0.36 (0.62);
9;Hammert;09_06;Group difference in lower body PPT LL+BFR vs. CON;The change in lower body PPT was greater for LL+BFR exercise compared to LL exercise [difference of 0.40 (0.55) kg/cm2], LL +EFFORT exercise [difference of 0.36 (0.62) kg/cm2], and the CON condition.;;Tab1;0.57 (0.56);
9;Hammert;09_07;No group effect of ischaemic pain thresholds;Ischaemic pain thresholds and tolerances did not change. ;There was no evidence that ischaemic pain threshold (BFinclusion: 0.125) or ischaemic pain tolerance (BFinclusion: 0.053) were different between conditions;Results;BFinclusion: 0.125;the abstract says no changes, but since the variable was only measured post this means no group differences
9;Hammert;09_08;No group effect of ischaemic pain tolerance;Ischaemic pain thresholds and tolerances did not change. ;There was no evidence that ischaemic pain threshold (BFinclusion: 0.125) or ischaemic pain tolerance (BFinclusion: 0.053) were different between conditions;Results;BFinclusion: 0.053;the abstract says no changes, but since the variable was only measured post this means no group differences
10;Refalo;10_01;Time effect in quad thickness for FAIL;Increases in quadriceps thickness (average of RF and VL) from pre- to post-intervention were similar for FAIL [0.181 cm (HDI: 0.119 to 0.243)] and RIR [0.182 cm (HDI: 0.115 to 0.247)].;"Similar increases in quadriceps thickness were estimated for FAIL [0.181 cm (HDI: 0.119 to 0.243); pd = 100%] and RIR [0.182 cm (HDI: 0.115 to 0.247); pd = 100%] from pre- to post-intervention (Figure 3(c)). ";Abstract/Results;0.181 cm (HDI: 0.119 to 0.243;
10;Refalo;10_02;Time effect in quad thickness for RIR;Increases in quadriceps thickness (average of RF and VL) from pre- to post-intervention were similar for FAIL [0.181 cm (HDI: 0.119 to 0.243)] and RIR [0.182 cm (HDI: 0.115 to 0.247)].;"Similar increases in quadriceps thickness were estimated for FAIL [0.181 cm (HDI: 0.119 to 0.243); pd = 100%] and RIR [0.182 cm (HDI: 0.115 to 0.247); pd = 100%] from pre- to post-intervention (Figure 3(c)). ";Abstract/Results;0.182 cm (HDI: 0.115 to 0.247);
10;Refalo;10_03;Group difference in RF thickness;Between-protocol differences in RF thickness slightly favoured RIR [−0.036 cm (HDI: −0.113 to 0.047)], but VL thickness slightly favoured FAIL [0.033 cm (HDI: −0.046 to 0.116)].;Moreover, we found an 81% probability (pd > TE = 42%) of slightly greater RF thickness when RT was performed to RIR (+7.38%) versus FAIL (+5.98%), but a 79% probability (pd > TE = 22%) of slightly greater VL thickness when RT was performed to FAIL (+7.95%) versus RIR (+6.59%).;Abstract/Tab5;−0.036 cm (HDI: −0.113 to 0.047);
10;Refalo;10_04;Group difference in VL thickness;Between-protocol differences in RF thickness slightly favoured RIR [−0.036 cm (HDI: −0.113 to 0.047)], but VL thickness slightly favoured FAIL [0.033 cm (HDI: −0.046 to 0.116)].;Moreover, we found an 81% probability (pd > TE = 42%) of slightly greater RF thickness when RT was performed to RIR (+7.38%) versus FAIL (+5.98%), but a 79% probability (pd > TE = 22%) of slightly greater VL thickness when RT was performed to FAIL (+7.95%) versus RIR (+6.59%).;Abstract/Tab5;0.033 cm (HDI: −0.046 to 0.116;
12;Zhao;12_01;Group difference in lower cognitive function between overweight and normal weight;Results indicated that overweight adults had a lower rate of lower cognitive function than normal weight adults.;Compared to normal weight participants, overweight adults had a significantly lower rate of lower cognitive function in the total sample (adjusted OR: 0.82 (95% CI: 0.71–0.94));Results/Tab3;adjusted OR: 0.82 (95% CI: 0.71–0.94);
12;Zhao;12_02;Group difference in lower cognitive function between overweight+high strength vs normal weight+normal strength;Participants with overweight and high handgrip strength had a lower likelihood of lower cognitive function compared to those with normal weight and normal handgrip strength;Those with overweight and high handgrip strength had a significantly lower likelihood of lower cognitive function in the total sample, and the OR was 0.65 (95% CI: 0.51–0.82) after adjusting for the confounders;Results/Tab4;adjusted OR 0.65 (95% CI: 0.51–0.82) ;
13;Rogerson;13_01;Association between fatigue and mental quality of life;Hierarchical regression analyses exposed fatigue to exert a significant negative influence on both mental and physical quality of life perceptions explaining 49% and 64% of the variance in these variables respectively;The final regression model (block 3) revealed to be significant and accounted for 64% of the variance in PQoL (M = 79.40, SD = 17.31), (R2 = 0.64, F(3,95) = 55.22, p < 0.01). Fatigue (M = 3.16, SD = 1.48) was found to be a significant negative predictor of PQoL, with standardised beta weights showing this predictor to have the strongest association to the outcome variable (ß = −.76, p < 0.01).;Abstract/Results/Tab3;ß = −0.62, p < .01;
13;Rogerson;13_02;Association between fatigue and physical quality of life;Hierarchical regression analyses exposed fatigue to exert a significant negative influence on both mental and physical quality of life perceptions explaining 49% and 64% of the variance in these variables respectively;The final regression model (block 3) was significant and accounted for 49% of the variance in MQoL (M = 79.47, SD = 17.65), (R2 = 0.49, F(6, 92) = 14.53, p < .01).  Fatigue (ß = −0.62, p < .01) was found to be a significant negative predictor of MQoL, whilst physical activity enjoyment (ß = 0.19, p =.05) was a significant positive predictor of MQoL. Standardised beta weights showed fatigue to have the strongest association to the MQoL in the model. ;Abstract/Results/Tab4;ß = −0.62, p < .01;
14;Kasović;14_01;Association between standing broad jump and 800m performance;In regression models adjusted for fat mass and maturity offset, standing broad jump, sit-ups and squats in 60 s were positively associated with the 800-m run test, while only standing broad jump remained significantly and positively associated with the 400-m run test. ; In unadjusted models (Model 1), the 800-m run test was positively associated with standing broad jump, sit-ups in 60 s and squats in 60 s.When the model was adjusted for fat mass percentage and maturity offset (Model 2), similar positive associations remained.;Tab3;0.27 [0.09 to 0.46 95% CI] p=0.006;
14;Kasović;14_02;Association between sit ups and 800m performance;In regression models adjusted for fat mass and maturity offset, standing broad jump, sit-ups and squats in 60 s were positively associated with the 800-m run test, while only standing broad jump remained significantly and positively associated with the 400-m run test.; In unadjusted models (Model 1), the 800-m run test was positively associated with standing broad jump, sit-ups in 60 s and squats in 60 s.When the model was adjusted for fat mass percentage and maturity offset (Model 2), similar positive associations remained.;Tab3;0.39 [0.18 to 0.59 95% CI] p=0.002;
14;Kasović;14_03;Association between squats and 800m performance;In regression models adjusted for fat mass and maturity offset, standing broad jump, sit-ups and squats in 60 s were positively associated with the 800-m run test, while only standing broad jump remained significantly and positively associated with the 400-m run test.; In unadjusted models (Model 1), the 800-m run test was positively associated with standing broad jump, sit-ups in 60 s and squats in 60 s.When the model was adjusted for fat mass percentage and maturity offset (Model 2), similar positive associations remained.;Tab3;0.36 [0.28 to 0.43 95% CI] p<0.001;
14;Kasović;14_04;Association between standing broad jump and 400m performance;In regression models adjusted for fat mass and maturity offset, standing broad jump, sit-ups and squats in 60 s were positively associated with the 800-m run test, while only standing broad jump remained significantly and positively associated with the 400-m run test.;For adjusted models, only standing broad jump was significantly associated with the 400-m run test, ;Tab4;0.10 [0.01 to 0.20 95% CI] p<0.046;
15;Post;15_01;Group difference for rMSV for males at age 13;Independent sample t-tests revealed that high-performing late juniors significantly outscored their lower-performing peers when they were early juniors on maximal swimming velocity (males aged 13–15 and females aged 12–14);High-performing late junior males scored significantly higher on rMSV at age 13, 14 and 15 (all p < 0.001), rSI at age 13, 14 (p < 0.05) and 15 ((p < 0.01), and rST at age 13,14 and 15 (all p < 0.001), compared to lower-performing peers.;Results/Tab1;d = 2.0, p < 0.001;
15;Post;15_02;Group difference for rMSV for males at age 14;Independent sample t-tests revealed that high-performing late juniors significantly outscored their lower-performing peers when they were early juniors on maximal swimming velocity (males aged 13–15 and females aged 12–14);High-performing late junior males scored significantly higher on rMSV at age 13, 14 and 15 (all p < 0.001), rSI at age 13, 14 (p < 0.05) and 15 ((p < 0.01), and rST at age 13,14 and 15 (all p < 0.001), compared to lower-performing peers.;Results/Tab1;d = 2.0, p < 0.001;
15;Post;15_03;Group difference for rMSV for males at age 15;Independent sample t-tests revealed that high-performing late juniors significantly outscored their lower-performing peers when they were early juniors on maximal swimming velocity (males aged 13–15 and females aged 12–14);High-performing late junior males scored significantly higher on rMSV at age 13, 14 and 15 (all p < 0.001), rSI at age 13, 14 (p < 0.05) and 15 ((p < 0.01), and rST at age 13,14 and 15 (all p < 0.001), compared to lower-performing peers.;Results/Tab1;d = 2.0, p < 0.001;
15;Post;15_04;Group difference for rMSV for females at age 12;Independent sample t-tests revealed that high-performing late juniors significantly outscored their lower-performing peers when they were early juniors on maximal swimming velocity (males aged 13–15 and females aged 12–14);High-performing late junior females scored significantly higher on rMSV at age 12, 13 and 14 (p < 0.001 at age 12 and 13, p < 0.01 at age 14), rSI at age 12 (p < 0.01), CMJ at age 14 (p < 0.05), height at age 13 and 14 (p < 0.05) and rSBT at age 12, 13 and 14 (all p < 0.001) compared to lower-performing peers.;Results/Tab1;d = 2.5, p < 0.001;
15;Post;15_05;Group difference for rMSV for females at age 13;Independent sample t-tests revealed that high-performing late juniors significantly outscored their lower-performing peers when they were early juniors on maximal swimming velocity (males aged 13–15 and females aged 12–14);High-performing late junior females scored significantly higher on rMSV at age 12, 13 and 14 (p < 0.001 at age 12 and 13, p < 0.01 at age 14), rSI at age 12 (p < 0.01), CMJ at age 14 (p < 0.05), height at age 13 and 14 (p < 0.05) and rSBT at age 12, 13 and 14 (all p < 0.001) compared to lower-performing peers.;Results/Tab1;d = 1.3, p < 0.001;
15;Post;15_06;Group difference for rMSV for females at age 14;Independent sample t-tests revealed that high-performing late juniors significantly outscored their lower-performing peers when they were early juniors on maximal swimming velocity (males aged 13–15 and females aged 12–14);High-performing late junior females scored significantly higher on rMSV at age 12, 13 and 14 (p < 0.001 at age 12 and 13, p < 0.01 at age 14), rSI at age 12 (p < 0.01), CMJ at age 14 (p < 0.05), height at age 13 and 14 (p < 0.05) and rSBT at age 12, 13 and 14 (all p < 0.001) compared to lower-performing peers.;Results/Tab1;d = 1.4, p < 0.01;
15;Post;15_07;Group difference for SI for males at age 13;"Independent sample t-tests revealed that high-performing late juniors significantly outscored their lower-performing peers when they were early juniors on (…) SI (males aged 13 and 14; females aged 12),";High-performing late junior males scored significantly higher on rMSV at age 13, 14 and 15 (all p < 0.001), rSI at age 13, 14 (p < 0.05) and 15 ((p < 0.01), and rST at age 13,14 and 15 (all p < 0.001), compared to lower-performing peers.;Results/Tab1;d = 0.6, p < 0.05;
15;Post;15_08;Group difference for SI for males at age 14;"Independent sample t-tests revealed that high-performing late juniors significantly outscored their lower-performing peers when they were early juniors on (…) SI (males aged 13 and 14; females aged 12),";High-performing late junior males scored significantly higher on rMSV at age 13, 14 and 15 (all p < 0.001), rSI at age 13, 14 (p < 0.05) and 15 ((p < 0.01), and rST at age 13,14 and 15 (all p < 0.001), compared to lower-performing peers.;Results/Tab1;d = 0.8, p < 0.05;also significant for age 15, but this is not stated in the abstract
15;Post;15_09;Group difference for SI for females at age 12;"Independent sample t-tests revealed that high-performing late juniors significantly outscored their lower-performing peers when they were early juniors on (…) SI (males aged 13 and 14; females aged 12),";High-performing late junior females scored significantly higher on rMSV at age 12, 13 and 14 (p < 0.001 at age 12 and 13, p < 0.01 at age 14), rSI at age 12 (p < 0.01), CMJ at age 14 (p < 0.05), height at age 13 and 14 (p < 0.05) and rSBT at age 12, 13 and 14 (all p < 0.001) compared to lower-performing peers.;Results/Tab1;d = 1.5, p < 0.01;
15;Post;15_10;Group difference for CM for females at age 14;Independent sample t-tests revealed that high-performing late juniors significantly outscored their lower-performing peers when they were early juniors on (…) CMJ (females aged 14) ;High-performing late junior females scored significantly higher on rMSV at age 12, 13 and 14 (p < 0.001 at age 12 and 13, p < 0.01 at age 14), rSI at age 12 (p < 0.01), CMJ at age 14 (p < 0.05), height at age 13 and 14 (p < 0.05) and rSBT at age 12, 13 and 14 (all p < 0.001) compared to lower-performing peers.;Results/Tab1;d = 1.0, p < 0.05;
15;Post;15_11;Group difference for height for females at age 13;Independent sample t-tests revealed that high-performing late juniors significantly outscored their lower-performing peers when they were early juniors on (…) height (females aged 13 and 14, p < 0.05). ;High-performing late junior females scored significantly higher on rMSV at age 12, 13 and 14 (p < 0.001 at age 12 and 13, p < 0.01 at age 14), rSI at age 12 (p < 0.01), CMJ at age 14 (p < 0.05), height at age 13 and 14 (p < 0.05) and rSBT at age 12, 13 and 14 (all p < 0.001) compared to lower-performing peers.;Results/Tab1;d = 0.8, p < 0.05;
15;Post;15_12;Group difference for height for females at age 14;Independent sample t-tests revealed that high-performing late juniors significantly outscored their lower-performing peers when they were early juniors on (…) height (females aged 13 and 14, p < 0.05). ;High-performing late junior females scored significantly higher on rMSV at age 12, 13 and 14 (p < 0.001 at age 12 and 13, p < 0.01 at age 14), rSI at age 12 (p < 0.01), CMJ at age 14 (p < 0.05), height at age 13 and 14 (p < 0.05) and rSBT at age 12, 13 and 14 (all p < 0.001) compared to lower-performing peers.;Results/Tab1;d = 1.2, p < 0.05;
15;Post;15_13;Interaction effect of group and age on MSV in males;Additionally, multilevel models showed faster rates of development for high-performing late juniors on maximal swimming velocity (males and females) and SI (males) compared to lower-performing peers throughout puberty (p < 0.05).;A significant interaction term would indicate a faster rate of development of high-performing swimmers compared to their lower-performing peers. In males, high-performing late junior swimmers showed significant faster progression over time on rSBT (+11%, p < 0.001), rMSV (+22%, p < 0.001) and rSI (+7%, p < 0.05) compared to lower-performing late junior swimmers.;Results/Tab3;0.53 (0.11 SE), p<0.001 ;
15;Post;15_14;Interaction effect of group and age on MSV in females;Additionally, multilevel models showed faster rates of development for high-performing late juniors on maximal swimming velocity (males and females) and SI (males) compared to lower-performing peers throughout puberty (p < 0.05).;A significant interaction term would indicate a faster rate of development of high-performing swimmers compared to their lower-performing peers. (…). In females, high-performing senior swimmers showed significant faster progression over time on rSBT (+12%, p < 0.001) and rMSV (+20% p < 0.01).;Results/Tab3;0.29 (0.10 SE) p=0.002;
15;Post;15_15;Interaction effect of group and age on SI in males;Additionally, multilevel models showed faster rates of development for high-performing late juniors on maximal swimming velocity (males and females) and SI (males) compared to lower-performing peers throughout puberty (p < 0.05).;A significant interaction term would indicate a faster rate of development of high-performing swimmers compared to their lower-performing peers. In males, high-performing late junior swimmers showed significant faster progression over time on rSBT (+11%, p < 0.001), rMSV (+22%, p < 0.001) and rSI (+7%, p < 0.05) compared to lower-performing late junior swimmers.;Results/Tab3;0.33 (0.16 SE) p=0.023 ;
17;Hammes;17_01;Rater agreement in impule identification;Results show an agreement in identifying impulses of J(R1, R2) = .80, while the agreement in classifying the impulse type (positive/negative) reached κ = .70;The cardinality of the union of the identified keyplays was 632, whereas that of the intersection was 503. This leads to an overall J(R1, R2) = .80, which corresponds to an agreement of 80% between raters. ;Abstract/Results;J = 0.80;
17;Hammes;17_02;Rater agreement in impulse classification;Results show an agreement in identifying impulses of J(R1, R2) = .80, while the agreement in classifying the impulse type (positive/negative) reached κ = .70;In 69 cases, raters showed a disagreement regarding the impulse type, which led to an overall moderate agreement of κ = .70,;Abstract/Results;κ = 0.70;
17;Hammes;17_03;Descriptive share of errors by court zone;Direct errors usually occur in the midcourt (56.4%), whereas most negative perturbations originate from the backcourt (40.0%).;Conversely, 24.7% of the negative keyplay impulses were played from the midcourt, with 56.4% of direct errors.;Abstract/Results/Fig3a;56.40%;
17;Hammes;17_04;Descriptive share of negative pertubation by court zone;Direct errors usually occur in the midcourt (56.4%), whereas most negative perturbations originate from the backcourt (40.0%).;Here, 40.0% of negative keyplay impulses were played from the backcourt, with only 9.6% of direct errors.;Abstract/Results/Fig3a;40.00%;
17;Hammes;17_05;Descriptive share of winners by shot type;In contrast to direct winners, mostly originating from a smash (45.5%), most positive perturbations are created by net shots (30.1%).;Second, while only 21.8% of the positive keyplay impulses were smashes, 45.5% of them were smashes for the winners, which could be explained by the specifics of these shots.;Abstract/Results/Fig3b;45.50%;
17;Hammes;17_06;Descriptive share of positive pertubations by shot type;In contrast to direct winners, mostly originating from a smash (45.5%), most positive perturbations are created by net shots (30.1%).;First, 30.1% of positive keyplay impulses were net shots, but only 4.5% were winners.;Abstract/Results/Fig3b;30.10%;
18;Dennis;18_01;Group differences for plantarflexion angle;Females landed with larger plantarflexion angles from 0–16% and smaller trunk flexion angles from 0–78%. ;Females landed with larger plantarflexion angles from 0–16% of landing (SPM(t) = 2.656, p = 0.037) compared with males;Abstract/Results/Fig3a;SPM(t) = 2.656, p = 0.037;
18;Dennis;18_02;Group differences for trunk flexion angle;Females landed with larger plantarflexion angles from 0–16% and smaller trunk flexion angles from 0–78%. ;Females landed with smaller trunk flexion angles from 0–78% of landing (SPM(t) = 2.469, p = 0.007) compared with males;Abstract/Results/Fig3c;SPM(t) = 2.469, p = 0.007;
18;Dennis;18_03;Group differences for absolute TSM;In females, absolute TSM were larger from 0–6% and smaller from 42–100%, and normalized TSM were larger from 0–8% and 26–42%. ;Females landed with larger absolute total support moments from 0–6% of landing (SPM(t) = 2.984, p = 0.033) and smaller absolute total support moments from 42–100% of landing (SPM(t) = 2.984, p < 0.001) compared with males ;Abstract/Results/Fig4a;"SPM(t) = 2.984, p = 0.033; p < 0.001";I consider these two findings as one PC (e.g., they share the same test statistic)
18;Dennis;18_04;Group differences for normalized TSM;Females had greater ankle contribution to the TSM from 14–15% and 29–35%, ;Females landed with larger normalized total support moments from 0–8% of landing (SPM(t) = 3.021, p = 0.024) and 26–42% of landing (SPM(t) = 3.021, p = 0.002) compared with males;Abstract/Results/Fig4b;"SPM(t) = 3.021, p = 0.024; p = 0.002";I consider these two findings as one PC (e.g., they share the same test statistic)
18;Dennis;18_05;Group difference in absolute peak TSM;Females had (…) smaller absolute peak TSM,;The absolute peak total support moment was smaller in females compared with males (t54 = -5.046, p < 0.001;Results/Tab3;t(54) = -5.046, p < 0.001, d = -1.330;
18;Dennis;18_06;Group difference in peak TSM timing;[For] Females (…) the peak TSM occurred earlier.;The peak total support moment occurred earlier in landing for females (median = 36%) compared with males (median = 100%) (U = 632.5, Z = −2.891, p = 0.004, δ = -0.422).;Results;U = 632.5, Z = −2.891, p = 0.004, δ = -0.422;
19;Thompson;19_01;Reliability of right FAR;"Based on intraclass correlation coefficient (ICC3,1), the MPIs derived from 3D and LEOMO showed moderate agreement (0.50 < 0.75) for the right foot angular range (FAR); left foot angular range first quadrant (FARQ1); right leg angular range (LAR); and mean angle of the pelvis in the sagittal plane. ";At best, the MPIs from the two systems showed moderate agreement levels, with the pelvic angle exhibiting the strongest correlations (ICC: 0.672), followed by the right FAR, left FARQ1, and right LAR (ICC range: 0.608 to 0.669).;Results/Tab2;ICC 0.669 [0.28, 0.87] ;
19;Thompson;19_02;Reliability of left FARQ1;"Based on intraclass correlation coefficient (ICC3,1), the MPIs derived from 3D and LEOMO showed moderate agreement (0.50 < 0.75) for the right foot angular range (FAR); left foot angular range first quadrant (FARQ1); right leg angular range (LAR); and mean angle of the pelvis in the sagittal plane. ";At best, the MPIs from the two systems showed moderate agreement levels, with the pelvic angle exhibiting the strongest correlations (ICC: 0.672), followed by the right FAR, left FARQ1, and right LAR (ICC range: 0.608 to 0.669).;Tab2;ICC 0.66 [0.26, 0.87];
19;Thompson;19_03;Reliability of right LAR;"Based on intraclass correlation coefficient (ICC3,1), the MPIs derived from 3D and LEOMO showed moderate agreement (0.50 < 0.75) for the right foot angular range (FAR); left foot angular range first quadrant (FARQ1); right leg angular range (LAR); and mean angle of the pelvis in the sagittal plane. ";At best, the MPIs from the two systems showed moderate agreement levels, with the pelvic angle exhibiting the strongest correlations (ICC: 0.672), followed by the right FAR, left FARQ1, and right LAR (ICC range: 0.608 to 0.669).;Results/Tab2;ICC 0.608 [0.18, 0.84];
19;Thompson;19_04;Reliability of pelvic angle;"Based on intraclass correlation coefficient (ICC3,1), the MPIs derived from 3D and LEOMO showed moderate agreement (0.50 < 0.75) for the right foot angular range (FAR); left foot angular range first quadrant (FARQ1); right leg angular range (LAR); and mean angle of the pelvis in the sagittal plane. ";At best, the MPIs from the two systems showed moderate agreement levels, with the pelvic angle exhibiting the strongest correlations (ICC: 0.672), followed by the right FAR, left FARQ1, and right LAR (ICC range: 0.608 to 0.669).;Results/Tab2;ICC 0.672 [−0.28, 0.87];
19;Thompson;19_05;Reliability of left FAR ;Agreement was poor (ICC < 0.50) between MPIs derived from 3D and LEOMO for the left FAR, right FARQ1, left LAR, and mean range of motion of the pelvis in the frontal and transverse planes;There was poor relative agreement between the two systems for the MPIs of left FAR, right FARQ1, left LAR, pelvic rock, and pelvic rotations (ICC <0.50);Tab2;ICC 0.41 [−0.09, 0.75];
19;Thompson;19_06;Reliability of right FARQ1;Agreement was poor (ICC < 0.50) between MPIs derived from 3D and LEOMO for the left FAR, right FARQ1, left LAR, and mean range of motion of the pelvis in the frontal and transverse planes;There was poor relative agreement between the two systems for the MPIs of left FAR, right FARQ1, left LAR, pelvic rock, and pelvic rotations (ICC <0.50);Tab2;ICC 0.26 [−0.25, 0.66];
19;Thompson;19_07;Reliability of left LAR;Agreement was poor (ICC < 0.50) between MPIs derived from 3D and LEOMO for the left FAR, right FARQ1, left LAR, and mean range of motion of the pelvis in the frontal and transverse planes;There was poor relative agreement between the two systems for the MPIs of left FAR, right FARQ1, left LAR, pelvic rock, and pelvic rotations (ICC <0.50);Tab2;ICC 0.40 [−0.122, 0.748];
19;Thompson;19_08;Reliability of pelvis rock (in frontal);Agreement was poor (ICC < 0.50) between MPIs derived from 3D and LEOMO for the left FAR, right FARQ1, left LAR, and mean range of motion of the pelvis in the frontal and transverse planes;There was poor relative agreement between the two systems for the MPIs of left FAR, right FARQ1, left LAR, pelvic rock, and pelvic rotations (ICC <0.50);Tab2;ICC −0.00 [−0.48, 0.48] ;
19;Thompson;19_09;Reliability of pelvis rotation (in transversal);Agreement was poor (ICC < 0.50) between MPIs derived from 3D and LEOMO for the left FAR, right FARQ1, left LAR, and mean range of motion of the pelvis in the frontal and transverse planes;There was poor relative agreement between the two systems for the MPIs of left FAR, right FARQ1, left LAR, pelvic rock, and pelvic rotations (ICC <0.50);Tab2;ICC −0.18 [−0.61, 0.33];
19;Thompson;19_10;Association of pelvic rotation and peak power for LEOMO device;Only one LEOMO-derived (pelvic rotation) and two 3D-derived (right FARQ1 and FAR) MPIs showed large positive significant correlations with peak power.;Pelvic rotation (p = 0.033) was the only large significant correlation with change in peak power for the LEOMO MPIs;Fig5;r = 0.535 [0.054, 0.815];
19;Thompson;19_11;Association of right FARQ1 and peak power for 3D system;Only one LEOMO-derived (pelvic rotation) and two 3D-derived (right FARQ1 and FAR) MPIs showed large positive significant correlations with peak power.;Two of the 3D MPIs showed large significant correlations to change in peak power: right FARQ1 (p = 0.025) and right FAR (p = 0.003). ;Fig4;r = 0.558 [0.085, 0.825];
19;Thompson;19_12;Association of right FAR and peak power for 3D system;Only one LEOMO-derived (pelvic rotation) and two 3D-derived (right FARQ1 and FAR) MPIs showed large positive significant correlations with peak power.;Two of the 3D MPIs showed large significant correlations to change in peak power: right FARQ1 (p = 0.025) and right FAR (p = 0.003). ;Fig4;r = 0.692 [0.299, 0.885];
22;Keller;22_1;Proportion of lower body contribution for v0;Lower (upper) body contributions were 43.8 ± 2.8% (56.2%) for v0, 37.3 ± 7.1% (62.7%) for L0, and 39.6 ± 5.6% (60.4%) for Da; Lower and upper body contributions were 43.8 ± 2.8 and 56.2 ± 2.8% for v0, 37.3 ± 7.1 and 62.7 ± 7.1% for L0, and 39.6 ± 5.6 and 60.4 ± 5.6% for Da, respectively;Abstract, Results;43.8 ± 2.8;
22;Keller;22_2;Proportion of lower body contribution for L0;Lower (upper) body contributions were 43.8 ± 2.8% (56.2%) for v0, 37.3 ± 7.1% (62.7%) for L0, and 39.6 ± 5.6% (60.4%) for Da; Lower and upper body contributions were 43.8 ± 2.8 and 56.2 ± 2.8% for v0, 37.3 ± 7.1 and 62.7 ± 7.1% for L0, and 39.6 ± 5.6 and 60.4 ± 5.6% for Da, respectively;Abstract, Results;37.3 ± 7.1%;
22;Keller;22_3;Proportion of lower body contribution for Da;Lower (upper) body contributions were 43.8 ± 2.8% (56.2%) for v0, 37.3 ± 7.1% (62.7%) for L0, and 39.6 ± 5.6% (60.4%) for Da; Lower and upper body contributions were 43.8 ± 2.8 and 56.2 ± 2.8% for v0, 37.3 ± 7.1 and 62.7 ± 7.1% for L0, and 39.6 ± 5.6 and 60.4 ± 5.6% for Da, respectively;Abstract, Results;39.6 ± 5.6%;
22;Keller;22_4;Difference between measurements in v0;Statistically significant whole-body reserves were found for v0 (−30.9 ± 3.9%, p < 0.001) and Da (−5.7 ± 11.7%, p = 0.04).;Statistically signifcant differences between whole-body values and the sum of lower and upper extremity values (i.e., reserves) were found for v0 (−30.9 ± 3.9%, p < 0.001) and Da (−5.7 ± 11.7%, p = 0.04;Abstract, Results;−30.9 ± 3.9%, p < 0.001;
22;Keller;22_5;Difference between measurements in v0;Statistically significant whole-body reserves were found for v0 (−30.9 ± 3.9%, p < 0.001) and Da (−5.7 ± 11.7%, p = 0.04).;Statistically signifcant differences between whole-body values and the sum of lower and upper extremity values (i.e., reserves) were found for v0 (−30.9 ± 3.9%, p < 0.001) and Da (−5.7 ± 11.7%, p = 0.04;Abstract, Results;−5.7 ± 11.7%, p = 0.04;
22;Keller;22_6;Association between v0 and v0 reserve in males; V0 reserves correlated very highly with whole-body v0 in males (r = 0.71, p = 0.014) and moderately in females (r = 0.47, p = 0.21).;Whole-body speed reserves were moderately to very highly correlated with whole-body v0 in male and female swimmers, ;Abstract, Fig2;r = 0.71, p = 0.014;
22;Keller;22_7;Association between v0 and v0 reserve in females; V0 reserves correlated very highly with whole-body v0 in males (r = 0.71, p = 0.014) and moderately in females (r = 0.47, p = 0.21).;Whole-body speed reserves were moderately to very highly correlated with whole-body v0 in male and female swimmers, ;Abstract, Fig2;r = 0.47, p = 0.21;
24;Woodforde;24_1;Descriptive mean of pre-school activity;Completed diaries by 12–13 year-olds (n = 3,201) revealed that adolescents reported an average of 10.8 minutes of daily before-school physical activity (average segment length: 114 min), mostly classified as active transport (5.7 min).;Adolescents spent 10.8 minutes (girls: 9.2 minutes, boys: 12.5 minutes) on average in physical activity before school.;Abstract, Discussion, Tab2;10.8 (17.77%);
24;Woodforde;24_2;Descriptive mean of pre-school activity by type;Completed diaries by 12–13 year-olds (n = 3,201) revealed that adolescents reported an average of 10.8 minutes of daily before-school physical activity (average segment length: 114 min), mostly classified as active transport (5.7 min).;By activity classification, the major contributor to before-school physical activity time was transport-related activity (5.7 min, for both girls and boys);Abstract, Results, Tab2;5.7 (11.24%);
24;Woodforde;24_3;Descriptive mean of pre-school activity by location;Most before-school physical activity occurred in a location other than home or school (6.1 min) and with peers (6.1 min);For both boys and girls, most before-school physical activity occurred in a location other than home or school (6.0 min girls, 6.2 min boys);Abstract, Tab2;6.1 (12.87%);
24;Woodforde;24_4;Descriptive mean of pre-school activity by co-presence;Most before-school physical activity occurred in a location other than home or school (6.1 min) and with peers (6.1 min);Most physical activity was accumulated in the presence of peers (5.1 min girls, 7.1 min boys);Abstract, Tab2;6.1 (14.82%);
24;Woodforde;24_5;Descriptive proportion of boys without activity;Notably, 51% of boys and 60% of girls did not report any before-school physical activity.;Forty percent of girls and 49% of boys reported engaging in at least one activity before school that was classed as physical activity;Abstract, Results, Tab2;39.90%;
24;Woodforde;24_6;Descriptive proportion of boys without activity;Notably, 51% of boys and 60% of girls did not report any before-school physical activity.;Forty percent of girls and 49% of boys reported engaging in at least one activity before school that was classed as physical activity;Abstract, Results, Tab2;48.61%;
24;Woodforde;24_7;Association between gender and odds of particpating in activity;Through two-part regression, we found that boys, adolescents from single-parent households, and those with longer before-school segments are more likely to report before-school physical activity compared to their counterparts. ;An increase in the odds of engaging in physical activity was also observed for boys compared to girls (OR 1.27, p < .001, 95% CI: 1.17, 1.39);;b = 0.241, SE = 0.045, OR 1.27, p < .001, 95% CI: 1.17, 1.39;
24;Woodforde;24_8;Association between parent status and odds of particpating in activity;Through two-part regression, we found that boys, adolescents from single-parent households, and those with longer before-school segments are more likely to report before-school physical activity compared to their counterparts. ;Adolescents with two parents in the home were 20% (OR 0.80, p = .001, 95% CI: 0.70, 0.91) less likely to engage in before-school physical activity than those without;;b = −0.223, SE = 0.067, OR 0.80, p = .001, 95% CI: 0.70, 0.91;
24;Woodforde;24_9;Association between segment length and odds of particpating in activity;Through two-part regression, we found that boys, adolescents from single-parent households, and those with longer before-school segments are more likely to report before-school physical activity compared to their counterparts. ;For every additional hour of segment length, the odds of engaging in before-school physical activity increase by 38% (OR 1.38, p = <.001, 95% CI: 1.27, 1.49).;;b = 0.319, SE = 0.040, OR 1.38, p = <.001, 95% CI: 1.27, 1.49;
25;Legg;25_1;Association between shoe and peak dorsiflexion angle;For shoe main effects, smaller peak dorsiflexion angle and internal peak plantarflexion moment and greater peak medial ground reaction force were found in the mid-cut but with no impact on knee mechanics. ;There was a significant main effect of shoe for peak dorsiflexion angle (p = 0.038), indicating greater peak dorsiflexion with LT;Results/Tab2;p = 0.038, η2 = 0.242;
25;Legg;25_2;Association between shoe and  internal peak plantarflexion moment;For shoe main effects, smaller peak dorsiflexion angle and internal peak plantarflexion moment and greater peak medial ground reaction force were found in the mid-cut but with no impact on knee mechanics. ;A main effect of shoe was observed at the ankle, with greater internal peak plantarflexion moment in the LT (p = 0.019, Table 3, Figure 2(c)).;Results/Tab3;p = 0.019, η2 = 0.298;
25;Legg;25_3;Association between shoe and peak medial ground reaction force;For shoe main effects, smaller peak dorsiflexion angle and internal peak plantarflexion moment and greater peak medial ground reaction force were found in the mid-cut but with no impact on knee mechanics. ;A significant main effect of shoe was found for peak medial GRF (p = 0.017, Figure 3(a)),;Results/Tab3;p = 0.017, η2 = 0.309;I am not exatly sure if the effect size taken from Tab3 is the correct one, because it does not really match the description. It does, however match the p-value and the referenced Fig3a
25;Legg;25_4;Association between limb and internal peak knee abduction moment ;For limb main effects, the internal peak knee abduction moment was greater in the dominant limb. ;A significant main effect of limb was found for internal peak knee abduction moment (p = 0.014, Table 3, Figure 2(b));Results/Tab3;p = 0.014, η2 = 0.323;
25;Legg;25_5;Interaction effect of shoe and limb on peak lateral ground reaction force;Greater peak lateral ground reaction force was found in the interaction between the non-dominant limb and low-top. ;A significant interaction was found for peak lateral GRF (F (1,17) = 8.083, p = 0.012);Results/Tab3;F(1,17) = 8.083, p = 0.012, η2 = 0.336;
26;Carpio-Rivera;26_1;Mean difference between pre and post of fat tissue for UBE;"For UBE, mean pre to post differences were found on tissue fat (M = 0.35 ± 0.12%; CI95%diff = 0.10 to 0.59%; p = 0.007), region fat (M = 0.32 ± 0.11%; CI95%diff = 0.09 to 0.55%; p = 0.008), lean mass (M = 0.27 ± 0.01 kg; CI95%diff = 0.18 to 0.37 kg; p ≤ 0.0001), and total mass (M = 0.27 ± 0.05 kg; CI95%diff = 0.17 to 0.36 kg; p ≤ 0.0001).";"Follow-up analyses showed for UBE a mean fat tissue pre to post difference of 0.35 ± 0.12% (CI95%diff = 0.10 to 0.59%; p = 0.007)";Abstract/Results;"0.35 ± 0.12% (CI95%diff = 0.10 to 0.59%; p = 0.007)";
26;Carpio-Rivera;26_2;Mean difference between pre and post of fat region for UBE;"For UBE, mean pre to post differences were found on tissue fat (M = 0.35 ± 0.12%; CI95%diff = 0.10 to 0.59%; p = 0.007), region fat (M = 0.32 ± 0.11%; CI95%diff = 0.09 to 0.55%; p = 0.008), lean mass (M = 0.27 ± 0.01 kg; CI95%diff = 0.18 to 0.37 kg; p ≤ 0.0001), and total mass (M = 0.27 ± 0.05 kg; CI95%diff = 0.17 to 0.36 kg; p ≤ 0.0001).";"Follow-up analyses showed for UBE (…) a mean fat region pre to post difference of 0.32 ± 0.11% (CI95%diff = 0.09 to 0.55%; p = 0.008)";Abstract/Results;"0.32 ± 0.11% (CI95%diff = 0.09 to 0.55%; p = 0.008)";
26;Carpio-Rivera;26_3;Mean difference between pre and post of lean mass for UBE;"For UBE, mean pre to post differences were found on tissue fat (M = 0.35 ± 0.12%; CI95%diff = 0.10 to 0.59%; p = 0.007), region fat (M = 0.32 ± 0.11%; CI95%diff = 0.09 to 0.55%; p = 0.008), lean mass (M = 0.27 ± 0.01 kg; CI95%diff = 0.18 to 0.37 kg; p ≤ 0.0001), and total mass (M = 0.27 ± 0.05 kg; CI95%diff = 0.17 to 0.36 kg; p ≤ 0.0001).";"Follow-up analyses showed for UBE (…) a mean lean mass pre to post difference of 0.27 ± 0.01 kg (CI95%diff = 0.18 to 0.37 kg; p ≤ 0.0001)";Abstract/Results;"0.27 ± 0.01 kg (CI95%diff = 0.18 to 0.37 kg; p ≤ 0.0001)";
26;Carpio-Rivera;26_4;Mean difference between pre and post of total mass for UBE;"For UBE, mean pre to post differences were found on tissue fat (M = 0.35 ± 0.12%; CI95%diff = 0.10 to 0.59%; p = 0.007), region fat (M = 0.32 ± 0.11%; CI95%diff = 0.09 to 0.55%; p = 0.008), lean mass (M = 0.27 ± 0.01 kg; CI95%diff = 0.18 to 0.37 kg; p ≤ 0.0001), and total mass (M = 0.27 ± 0.05 kg; CI95%diff = 0.17 to 0.36 kg; p ≤ 0.0001).";"Follow-up analyses showed for UBE (…) and a mean total mass pre to post difference of 0.27 ± 0.05 kg (CI95%diff = 0.17 to 0.36 kg; p ≤ 0.0001)";Abstract/Results;"0.27 ± 0.05 kg (CI95%diff = 0.17 to 0.36 kg; p ≤ 0.0001)";
26;Carpio-Rivera;26_5;Mean difference between pre and post of tissue for NEC;"Mean tissue pre to post differences were found for the total body in the NEC (M = 0.10 ± 0.04 kg; CI95%diff = 0.03 to 0.18 kg; p = 0.008), UBE (M = 0.19 ± 0.03 kg; CI95%diff = 0.14 to 0.24 kg; p ≤ 0.0001), and LBE (M = 0.31 ± 0.04 kg; CI95%diff = 0.24 to 0.39 kg; p ≤ 0.0001) conditions.";"Follow-up analysis showed for NEC a mean tissue pre to post difference of 0.10 ± 0.04 kg (CI95%diff = 0.03 to 0.18 kg; p = 0.008)";Abstract/Results;"0.10 ± 0.04 kg (CI95%diff = 0.03 to 0.18 kg; p = 0.008)";
26;Carpio-Rivera;26_6;Mean difference between pre and post of tissue for UBE;"Mean tissue pre to post differences were found for the total body in the NEC (M = 0.10 ± 0.04 kg; CI95%diff = 0.03 to 0.18 kg; p = 0.008), UBE (M = 0.19 ± 0.03 kg; CI95%diff = 0.14 to 0.24 kg; p ≤ 0.0001), and LBE (M = 0.31 ± 0.04 kg; CI95%diff = 0.24 to 0.39 kg; p ≤ 0.0001) conditions.";"Follow-up analysis showed (…) for UBE a mean tissue pre to post difference of 0.19 ± 0.03 kg (CI95%diff = 0.14 to 0.24 kg; p ≤ 0.0001),";Abstract/Results;"0.19 ± 0.03 kg (CI95%diff = 0.14 to 0.24 kg; p ≤ 0.0001)";
26;Carpio-Rivera;26_7;Mean difference between pre and post of tissue for LBE;"Mean tissue pre to post differences were found for the total body in the NEC (M = 0.10 ± 0.04 kg; CI95%diff = 0.03 to 0.18 kg; p = 0.008), UBE (M = 0.19 ± 0.03 kg; CI95%diff = 0.14 to 0.24 kg; p ≤ 0.0001), and LBE (M = 0.31 ± 0.04 kg; CI95%diff = 0.24 to 0.39 kg; p ≤ 0.0001) conditions.";"Follow-up analysis showed (…) and for LBE a mean tissue pre to post difference of 0.31 ± 0.04 kg (CI95%diff = 0.24 to 0.39 kg; p ≤ 0.0001).";Abstract/Results;"0.31 ± 0.04 kg (CI95%diff = 0.24 to 0.39 kg; p ≤ 0.0001)";
28;Robinson;28_1;Descriptive proportion of strength training experience;Results showed that the majority of female players had participated in some form of S&C training in the past, with the majority believing that clubhead speed and carry distance were the primary golfing metrics which could be positively impacted. ;Of the 157 respondents, 128 (81.5%) stated they had participated in some form of S&C or fitness training in the past;Results;81.50%;
28;Robinson;28_2;Descriptive proportion of belief in training effect on clubhead sepeed;Results showed that the majority of female players had participated in some form of S&C training in the past, with the majority believing that clubhead speed and carry distance were the primary golfing metrics which could be positively impacted. ;Among the players who participated in the survey about the areas of golf performance that can be improved through S&C, the majority of responses emphasised “Club Head Speed” (n = 139, 25.7%) and “Carry Distance” (n = 130, 24%);Results;25.70%;
28;Robinson;28_3;Descriptive proportion of belief in training effect on carry distance;Results showed that the majority of female players had participated in some form of S&C training in the past, with the majority believing that clubhead speed and carry distance were the primary golfing metrics which could be positively impacted. ;Among the players who participated in the survey about the areas of golf performance that can be improved through S&C, the majority of responses emphasised “Club Head Speed” (n = 139, 25.7%) and “Carry Distance” (n = 130, 24%);Results;24%;
28;Robinson;28_4;Descriptive proportion of belief in movement mimicing for training;Interestingly, 58% of the players believed that S&C training should mimic the movement of the golf swing, ;Out of 131 total responses to “Do you believe that resistance training in a gym environment should replicate the golf swing?”, answers were divided between “Yes” (n = 76, 58%), and “No” (n = 55, 42%).;Results;58%;
29;Marino;29_1;Time effect for TQR;"A significant decrease was observed for TQR (F = 4.06; p = 0.01) and for WBQ (F = 5.37; p = 0.008) from T1 to T3. ";"A significant decrease was observed for TQR (F = 4.06; p = 0.01).";Abstract/Results;"F = 4.06; p = 0.01";HR is no PC because no number given. TEST is no PC because of multiple values
29;Marino;29_2;Time effect for WBQ;"A significant decrease was observed for TQR (F = 4.06; p = 0.01) and for WBQ (F = 5.37; p = 0.008) from T1 to T3. ";"Similarly, a significant decrease was observed for WBQ (F = 5.37; p = 0.008).";Abstract/Results;"F = 5.37; p = 0.008";
32;Brinkmans;32_1;Descriptive mean of energy expenditure;TDEE was 2882 ± 278 kcal/day (58 ± 5 kcal/kg FFM) and significantly (p < 0.05) correlated with FFM (r = 0.62).;The mean TDEE of the entire squad (n = 15) was 2882 ± 278 kcal/day;Abstract/Results/Tab2;2882 ± 278;
32;Brinkmans;32_2;Association between energy expenditure and FFM;TDEE was 2882 ± 278 kcal/day (58 ± 5 kcal/kg FFM) and significantly (p < 0.05) correlated with FFM (r = 0.62).;In contrast, FFM correlated strongly with TDEE (r = 0.620, p = 0.014);Abstract/Results;r = 0.620, p = 0.014;
32;Brinkmans;32_3;Descriptive mean of PAEE;PAEE was 1207 ± 213 kcal/d. ;The mean TDEE of the entire squad (n = 15) was 2882 ± 278 kcal/day with (…) a PAEE of 1207 ± 213 kcal/d.;Abstract/Results/Tab2;1207 ± 213;
32;Brinkmans;32_4;Descriptive mean of weighted energy intake;Weighted energy intake was 2344 kcal [2023–2589].;The weighted mean energy intake (TEI) was 2344 kcal [2023–2589] during the 14-day study period. ;Abstract/Results/Tab4;2344 [2023–2589];"Table 1 says this is median [IQR] despite results stating ""mean energy intake"""
32;Brinkmans;32_5;Descriptive mean of relative carbohydrate intake on rest days;Carbohydrate intakes were 3.2 ± 0.7, 4.4 ± 1.1 and 5.3 ± 1.9 g/kg body mass for rest, training and match days, respectively, while weighted mean protein intake was 1.9 ± 0.4 g/kg body mass;In line, relative carbohydrate intakes were significantly higher on match days (5.3 ± 1.9 g/kg BM, p = 0.002) and training days (4.4 ± 1.1 g/kg BM, p = 0.003) when compared with rest days (3.2 ± 0.7 g/kg BM).;Abstract/Results/Tab4;3.2 ± 0.7;
32;Brinkmans;32_6;Descriptive mean of relative carbohydrate intake on training days;Carbohydrate intakes were 3.2 ± 0.7, 4.4 ± 1.1 and 5.3 ± 1.9 g/kg body mass for rest, training and match days, respectively, while weighted mean protein intake was 1.9 ± 0.4 g/kg body mass;In line, relative carbohydrate intakes were significantly higher on match days (5.3 ± 1.9 g/kg BM, p = 0.002) and training days (4.4 ± 1.1 g/kg BM, p = 0.003) when compared with rest days (3.2 ± 0.7 g/kg BM).;Abstract/Results/Tab4;4.4 ± 1.1 ;
32;Brinkmans;32_7;Descriptive mean of relative carbohydrate intake on match days;Carbohydrate intakes were 3.2 ± 0.7, 4.4 ± 1.1 and 5.3 ± 1.9 g/kg body mass for rest, training and match days, respectively, while weighted mean protein intake was 1.9 ± 0.4 g/kg body mass;In line, relative carbohydrate intakes were significantly higher on match days (5.3 ± 1.9 g/kg BM, p = 0.002) and training days (4.4 ± 1.1 g/kg BM, p = 0.003) when compared with rest days (3.2 ± 0.7 g/kg BM).;Abstract/Results/Tab4;5.3 ± 1.9;
32;Brinkmans;32_8;Descriptive mean of relative protein intake;(…) weighted mean protein intake was 1.9 ± 0.4 g/kg body mass;;Abstract/Tab4;1.9 ± 0.4;
33;Neupert;33_1;Descriptive proportion of confidence in sensitivity;Fifty-two per cent (n = 13) was confident in the sensitivity of their athlete self-report measures, but only 64% (n = 16), indicated their monitoring was underpinned by scientific evidence;Just over half (52%, n = 13) of respondents were quite or very confident in the sensitivity of their athlete self-report measures (ASRM) to detect meaningful change, ;Abstract/Results;52%;
33;Neupert;33_2;Descriptive proportion of confidence in evidence base;Fifty-two per cent (n = 13) was confident in the sensitivity of their athlete self-report measures, but only 64% (n = 16), indicated their monitoring was underpinned by scientific evidence;Respondents reported that scientific studies underpinned their ASRM in 64% (n = 16) of cases, with 24% (n = 6) disagreeing, and 12% (n = 3) neutral.;Abstract/Results;64%;
33;Neupert;33_3;Association between scientific base and feedback;A scientific base was associated with improved athlete feedback (rS (23) = 0.487, p =0.014*) and feedback correlated with athlete monitoring adherence (rS (22) = 0.675, p =  <0.001**).;Where practitioners reported that their metrics had a scientific underpinning, there was also a correlation with improved feedback to the athletes (rS (23) = 0.487, p =0.014*);Abstract/Results;rS (23) = 0.487, p =0.014;
33;Neupert;33_4;Association between feedback and adherence;A scientific base was associated with improved athlete feedback (rS (23) = 0.487, p =0.014*) and feedback correlated with athlete monitoring adherence (rS (22) = 0.675, p =  <0.001**).;(…) with the provision of sufficient feedback also associated with improved athlete adherence (rS (22) = 0.675, p = <0.001**);Abstract/Results;rS (22) = 0.675, p =  <0.001;
33;Neupert;33_5;Descriptive proportion of performance comprimising when non-adhering;If athletes did not complete their monitoring, 52% (n = 13) of respondents felt performance might be compromised;Just over half of the respondents 52%, (n = 13) felt that athletes’ performance might be compromised if they did not complete their athlete monitoring, with 48%, (n = 12) disagreeing. ;Abstract/Results;52%;
33;Neupert;33_6;Descriptive proportion of experience working with non-adhering successful elite athletes;However, most respondents 56% (n = 14), had worked with internationally successful athlete(s) who did not complete their monitoring;Furthermore, 56% (n = 14) of respondents reported that they worked with internationally successful athletes (defined as those who had medalled at the Olympics, World Championships/Cups) who did not complete the monitoring required by their sporting organisation. ;Abstract/Results;56%;
35;Li;35_1;Time effect for jump height;Compared to baseline, jump height decreased at all timepoints following the STGC (all p < 0.05).;There was a significant main effect of time on jump height and leg stiffness (both p < 0.01, ηp2 = 0.08 and 0.01, respectively);Results;p < 0.01, ηp2 = 0.08;using the time effect instead of the post-hoc findings
35;Li;35_2;Interaction effect of time and condition;Leg stiffness and cycling power output only decreased immediately following the STGC, with a 48% further decrease in cycling power output in hypoxia compared to normoxia (p < 0.05).;Post-hoc analysis revealed no difference between conditions on day 1 (95.8 ± 25.1 W) and day 3 (95.9 ± 23.7 W), whereas on day 2 cycling PO (39.4 ± 15.4 W) was significantly reduced by 46.8 ± 18.0% (range: 12.8–75.9%) in hypoxia compared to normoxia (p < 0.01, Figure 4a).;Results;46.8 ± 18.0% (range: 12.8–75.9%), p < 0.01;"no exact number for PCs of leg stiffness and cycling power; "
35;Li;35_3;Time effect for perceived fatigue;Perceived fatigue, decreased sleep quality, and increased muscle soreness responses occurred on day 3 (p < 0.05);There was a time effect in perceived fatigue, sleep quality, and muscle soreness (all p < 0.01, ηp2 = 0.20, 0.08 and 0.52, respectively).;Results;p < 0.01, ηp2 = 0.20;using the time effect instead of the post-hoc findings
35;Li;35_4;Time effect for sleep quality;Perceived fatigue, decreased sleep quality, and increased muscle soreness responses occurred on day 3 (p < 0.05);;Results;p < 0.01, ηp2 = 0.08;using the time effect instead of the post-hoc findings
35;Li;35_5;Time effect for muscle soreness;Perceived fatigue, decreased sleep quality, and increased muscle soreness responses occurred on day 3 (p < 0.05);;Results;p < 0.01, ηp2 = 0.52;using the time effect instead of the post-hoc findings
37;Wang;37_1;Time effect for peak knee flexion during walking;"After the marathon, there was a significant decrease in peak knee flexion (walking: p = 0.006; running: p = 0.006) and an increase in peak hip internal rotation (walking: p = 0.026; running: p = 0.015) during the stance phase of both walking and running compared to before the marathon.";Similarly, individuals after the marathon generated significantly less knee flexion during the walking task compared to before (Pre-Marathon: 15.3 ± 4.1°, Post-Marathon: 11.3 ± 5.0°, p = 0.006) ;Abstract/Results;p = 0.006;
37;Wang;37_2;Time effect for peak knee flexion during running;"After the marathon, there was a significant decrease in peak knee flexion (walking: p = 0.006; running: p = 0.006) and an increase in peak hip internal rotation (walking: p = 0.026; running: p = 0.015) during the stance phase of both walking and running compared to before the marathon.";The greatest decrease in peak knee flexion was observed during running (Pre-Marathon: 34.3 ± 3.7°, Post-Marathon: 27.0 ± 7.7°, p = 0.006);Abstract/Results;p = 0.006;
37;Wang;37_3;Time effect for peak hip internal rotation during walking;"After the marathon, there was a significant decrease in peak knee flexion (walking: p = 0.006; running: p = 0.006) and an increase in peak hip internal rotation (walking: p = 0.026; running: p = 0.015) during the stance phase of both walking and running compared to before the marathon.";Peak hip internal rotation showed significant changes, having increased to 8.0 ± 5.7° (compared to 4.7 ± 2.7°, p = 0.026) during walking and 11.1 ± 5.8° (compared to 6.8 ± 2.0°, p = 0.015) during running tasks after the marathon.;Abstract/Results;p = 0.026;
37;Wang;37_4;Time effect for peak hip internal rotation during running;"After the marathon, there was a significant decrease in peak knee flexion (walking: p = 0.006; running: p = 0.006) and an increase in peak hip internal rotation (walking: p = 0.026; running: p = 0.015) during the stance phase of both walking and running compared to before the marathon.";Peak hip internal rotation showed significant changes, having increased to 8.0 ± 5.7° (compared to 4.7 ± 2.7°, p = 0.026) during walking and 11.1 ± 5.8° (compared to 6.8 ± 2.0°, p = 0.015) during running tasks after the marathon.;Abstract/Results;p = 0.015;
38;Bezuglov;38_1;Group difference for ST between periods;A significant decrease in the ST during 2016–2022 (p < 0.001) in athletes of all ages and both sexes overall was reported. ;A significant decrease in ST was found between 2016–2022 and 2009–2015 (average difference: −8.8 (4.9–12.7), effect size: 0.12 (0.06–0.17), p < 0.001);Results;MD: −8.8 (4.9–12.7), ES: 0.12 (0.06–0.17), p < 0.001;no exact or single numbers for all other claims
